{
  "format": "rfbuilderbench-v1",
  "mode": "all",
  "generatedAt": "2026-05-04T13:15:46.826Z",
  "docs": 500000,
  "index": {
    "files": 987,
    "bytes": 1629087595,
    "bytesPerDoc": 3258.17519
  },
  "builder": {
    "totalMs": 1410914.0935830001,
    "peakRss": 3158245376,
    "peakHeapUsed": 1550388632,
    "peakHeapTotal": 1652490240,
    "peakExternal": 1495963271,
    "peakArrayBuffers": 1452765973,
    "memorySampleCount": 1286,
    "memorySamplePeakRss": 3160735744,
    "memorySamplePeakHeapUsed": 1550386624,
    "phaseCount": 13,
    "phaseSampleCount": 1260,
    "tempPeakBytes": 2616039760,
    "tempWrittenBytes": 2653944803,
    "outputWrittenBytes": 1623078043,
    "finalPackBytes": 848999832,
    "sidecarBytes": 774078211,
    "writeAmplification": 0.9963110933884436
  },
  "counters": {
    "selected_term_spool_bytes": 623791343,
    "selected_term_spool_terms": 69111936,
    "doc_raw_spool_bytes": 554529594,
    "doc_gzip_spool_bytes": 308183138,
    "segment_files": 277,
    "segment_postings": 69111936,
    "field_row_fields": 8,
    "field_row_facet_fields": 2,
    "field_row_numeric_fields": 5,
    "field_row_boolean_fields": 1,
    "field_row_date_fields": 1
  },
  "workers": [
    {
      "phase": "scan-and-spool",
      "count": 4,
      "tasks": 0,
      "docs": 500000,
      "inputBytes": 0,
      "analysisMs": 759034.3339119984,
      "reduceMs": 0,
      "finishMs": 0,
      "mode": "worker-thread"
    },
    {
      "phase": "reduce-postings",
      "count": 4,
      "tasks": 40698,
      "docs": 0,
      "inputBytes": 379175156,
      "analysisMs": 0,
      "reduceMs": 3077042.9519289974,
      "finishMs": 463.40608200011775,
      "mode": "worker-thread"
    }
  ],
  "phases": [
    {
      "name": "measure",
      "ms": 49324.714208000005,
      "cpuUserMs": 48127.05,
      "cpuSystemMs": 1650.348,
      "samples": 49,
      "peakRss": 263815168,
      "peakHeapUsed": 81974840,
      "peakHeapTotal": 169050112,
      "peakExternal": 5138722,
      "peakArrayBuffers": 1411982,
      "tempDeltaBytes": 0,
      "finalPackDeltaBytes": 0,
      "sidecarDeltaBytes": 0,
      "outputDeltaBytes": 0,
      "tempEndBytes": 0,
      "finalPackEndBytes": 0,
      "sidecarEndBytes": 0
    },
    {
      "name": "scan-and-spool",
      "ms": 294102.80025000003,
      "cpuUserMs": 383588.841,
      "cpuSystemMs": 43887.433,
      "samples": 260,
      "peakRss": 3158245376,
      "peakHeapUsed": 1188728968,
      "peakHeapTotal": 1328545792,
      "peakExternal": 1495963271,
      "peakArrayBuffers": 1452765973,
      "tempDeltaBytes": 2402743801,
      "finalPackDeltaBytes": 0,
      "sidecarDeltaBytes": 0,
      "outputDeltaBytes": 0,
      "tempEndBytes": 2402743801,
      "finalPackEndBytes": 0,
      "sidecarEndBytes": 0
    },
    {
      "name": "reduce-postings",
      "ms": 826902.7075420001,
      "cpuUserMs": 1408068.157,
      "cpuSystemMs": 1011968.279,
      "samples": 774,
      "peakRss": 3160735744,
      "peakHeapUsed": 1550388632,
      "peakHeapTotal": 1652490240,
      "peakExternal": 1495963271,
      "peakArrayBuffers": 657862467,
      "tempDeltaBytes": 179564928,
      "finalPackDeltaBytes": 314324936,
      "sidecarDeltaBytes": 147710969,
      "outputDeltaBytes": 462035905,
      "tempEndBytes": 2582308729,
      "finalPackEndBytes": 314324936,
      "sidecarEndBytes": 147710969
    },
    {
      "name": "segment-manifest",
      "ms": 1484.7084160000086,
      "cpuUserMs": 24.579,
      "cpuSystemMs": 363.19,
      "samples": 0,
      "peakRss": 1690828800,
      "peakHeapUsed": 110777824,
      "peakHeapTotal": 147537920,
      "peakExternal": 9653365,
      "peakArrayBuffers": 6055385,
      "tempDeltaBytes": 0,
      "finalPackDeltaBytes": 0,
      "sidecarDeltaBytes": 531742340,
      "outputDeltaBytes": 531742340,
      "tempEndBytes": 2582308729,
      "finalPackEndBytes": 314324936,
      "sidecarEndBytes": 679453309
    },
    {
      "name": "query-bundles",
      "ms": 68966.36825000006,
      "cpuUserMs": 68604.977,
      "cpuSystemMs": 2272.764,
      "samples": 62,
      "peakRss": 1721630720,
      "peakHeapUsed": 473245736,
      "peakHeapTotal": 745144320,
      "peakExternal": 10892977,
      "peakArrayBuffers": 7294989,
      "tempDeltaBytes": 0,
      "finalPackDeltaBytes": 25641368,
      "sidecarDeltaBytes": 0,
      "outputDeltaBytes": 25641368,
      "tempEndBytes": 2582308729,
      "finalPackEndBytes": 339966304,
      "sidecarEndBytes": 679453309
    },
    {
      "name": "authority",
      "ms": 10326.959583000047,
      "cpuUserMs": 7379.675,
      "cpuSystemMs": 3690.022,
      "samples": 10,
      "peakRss": 912326656,
      "peakHeapUsed": 472475896,
      "peakHeapTotal": 745144320,
      "peakExternal": 27081446,
      "peakArrayBuffers": 23483458,
      "tempDeltaBytes": -37905043,
      "finalPackDeltaBytes": 15745164,
      "sidecarDeltaBytes": 0,
      "outputDeltaBytes": 15745164,
      "tempEndBytes": 2544403686,
      "finalPackEndBytes": 355711468,
      "sidecarEndBytes": 679453309
    },
    {
      "name": "doc-packs",
      "ms": 27387.758249999955,
      "cpuUserMs": 6802.781,
      "cpuSystemMs": 12573.343,
      "samples": 0,
      "peakRss": 815104000,
      "peakHeapUsed": 157466680,
      "peakHeapTotal": 229867520,
      "peakExternal": 45155005,
      "peakArrayBuffers": 41557017,
      "tempDeltaBytes": 71636074,
      "finalPackDeltaBytes": 308183138,
      "sidecarDeltaBytes": 22500023,
      "outputDeltaBytes": 330683161,
      "tempEndBytes": 2616039760,
      "finalPackEndBytes": 663894606,
      "sidecarEndBytes": 701953332
    },
    {
      "name": "doc-pages",
      "ms": 18740.066791999852,
      "cpuUserMs": 14439.727,
      "cpuSystemMs": 4365.278,
      "samples": 0,
      "peakRss": 785334272,
      "peakHeapUsed": 79402728,
      "peakHeapTotal": 195346432,
      "peakExternal": 58262129,
      "peakArrayBuffers": 54664141,
      "tempDeltaBytes": 0,
      "finalPackDeltaBytes": 169058574,
      "sidecarDeltaBytes": 640638,
      "outputDeltaBytes": 169699212,
      "tempEndBytes": 2616039760,
      "finalPackEndBytes": 832953180,
      "sidecarEndBytes": 702593970
    },
    {
      "name": "typo",
      "ms": 107349.8346249999,
      "cpuUserMs": 87219.515,
      "cpuSystemMs": 25932.975,
      "samples": 105,
      "peakRss": 676970496,
      "peakHeapUsed": 204940408,
      "peakHeapTotal": 310788096,
      "peakExternal": 58262129,
      "peakArrayBuffers": 54664141,
      "tempDeltaBytes": -410101712,
      "finalPackDeltaBytes": 0,
      "sidecarDeltaBytes": 71237022,
      "outputDeltaBytes": 71237022,
      "tempEndBytes": 2205938048,
      "finalPackEndBytes": 832953180,
      "sidecarEndBytes": 773830992
    },
    {
      "name": "doc-values",
      "ms": 1951.9825420000125,
      "cpuUserMs": 1527.732,
      "cpuSystemMs": 549.047,
      "samples": 0,
      "peakRss": 533053440,
      "peakHeapUsed": 108066912,
      "peakHeapTotal": 248922112,
      "peakExternal": 22397923,
      "peakArrayBuffers": 18799935,
      "tempDeltaBytes": 0,
      "finalPackDeltaBytes": 7157675,
      "sidecarDeltaBytes": 0,
      "outputDeltaBytes": 7157675,
      "tempEndBytes": 2205938048,
      "finalPackEndBytes": 840110855,
      "sidecarEndBytes": 773830992
    },
    {
      "name": "doc-value-sorted",
      "ms": 3175.8463749999646,
      "cpuUserMs": 3254.205,
      "cpuSystemMs": 214.499,
      "samples": 0,
      "peakRss": 784580608,
      "peakHeapUsed": 135415936,
      "peakHeapTotal": 490307584,
      "peakExternal": 25702835,
      "peakArrayBuffers": 22104847,
      "tempDeltaBytes": 0,
      "finalPackDeltaBytes": 6908727,
      "sidecarDeltaBytes": 247219,
      "outputDeltaBytes": 7155946,
      "tempEndBytes": 2205938048,
      "finalPackEndBytes": 847019582,
      "sidecarEndBytes": 774078211
    },
    {
      "name": "filter-bitmaps",
      "ms": 827.4148750000168,
      "cpuUserMs": 658.955,